{
  "ACTIONS": {
    "STACK": {
      "PRE": {
        "CLEAR": [
          [0],
          [2]
        ],
        "ON": [
          [0, 1]
        ],
        "FITS": [
          [0, 2]
        ]
      },
      "DEL": {
        "CLEAR": [
          [2]
        ],
        "ON": [
          [0, 1]
        ]
      },
      "ADD": {
        "CLEAR": [
          [1]
        ],
        "ON": [
          [0, 2]
        ]
      }
    }
  },
  "3": {
    "INIT": {
      "CLEAR": [
        ["D1"],
        ["B2"],
        ["B3"]
      ],
      "ON": [
        ["D1", "D2"],
        ["D2", "D3"],
        ["D3", "B1"]
      ],
      "FITS": [
        ["D1", "D2"],
        ["D1", "D3"],
        ["D2", "D3"],
        ["D1", "B1"],
        ["D2", "B1"],
        ["D3", "B1"],
        ["D1", "B2"],
        ["D2", "B2"],
        ["D3", "B2"],
        ["D1", "B3"],
        ["D2", "B3"],
        ["D3", "B3"]
      ]
    },
    "GOAL": {
      "CLEAR": [
        ["D1"],
        ["B1"],
        ["B2"]
      ],
      "ON": [
        ["D1", "D2"],
        ["D2", "D3"],
        ["D3", "B3"]
      ]
    }
  },
  "1":{"INIT":{"CLEAR":[["D1"],["B2"],["B3"]],"ON":[["D1","B1"]],"FITS":[["D1","B1"],["D1","B2"],["D1","B3"]]},"GOAL":{"CLEAR":[["D1"],["B1"],["B2"]],"ON":[["D1","B3"]]}},
  "2":{"INIT":{"CLEAR":[["D1"],["B2"],["B3"]],"ON":[["D1","D2"],["D2","B1"]],"FITS":[["D1","D2"],["D1","B1"],["D2","B1"],["D1","B2"],["D2","B2"],["D1","B3"],["D2","B3"]]},"GOAL":{"CLEAR":[["D1"],["B1"],["B2"]],"ON":[["D1","D2"],["D2","B3"]]}},
  "4":{"INIT":{"CLEAR":[["D1"],["B2"],["B3"]],"ON":[["D1","D2"],["D2","D3"],["D3","D4"],["D4","B1"]],"FITS":[["D1","D2"],["D1","D3"],["D1","D4"],["D2","D3"],["D2","D4"],["D3","D4"],["D1","B1"],["D2","B1"],["D3","B1"],["D4","B1"],["D1","B2"],["D2","B2"],["D3","B2"],["D4","B2"],["D1","B3"],["D2","B3"],["D3","B3"],["D4","B3"]]},"GOAL":{"CLEAR":[["D1"],["B1"],["B2"]],"ON":[["D1","D2"],["D2","D3"],["D3","D4"],["D4","B3"]]}},
  "5":{"INIT":{"CLEAR":[["D1"],["B2"],["B3"]],"ON":[["D1","D2"],["D2","D3"],["D3","D4"],["D4","D5"],["D5","B1"]],"FITS":[["D1","D2"],["D1","D3"],["D1","D4"],["D1","D5"],["D2","D3"],["D2","D4"],["D2","D5"],["D3","D4"],["D3","D5"],["D4","D5"],["D1","B1"],["D2","B1"],["D3","B1"],["D4","B1"],["D5","B1"],["D1","B2"],["D2","B2"],["D3","B2"],["D4","B2"],["D5","B2"],["D1","B3"],["D2","B3"],["D3","B3"],["D4","B3"],["D5","B3"]]},"GOAL":{"CLEAR":[["D1"],["B1"],["B2"]],"ON":[["D1","D2"],["D2","D3"],["D3","D4"],["D4","D5"],["D5","B3"]]}},
  "6":{"INIT":{"CLEAR":[["D1"],["B2"],["B3"]],"ON":[["D1","D2"],["D2","D3"],["D3","D4"],["D4","D5"],["D5","D6"],["D6","B1"]],"FITS":[["D1","D2"],["D1","D3"],["D1","D4"],["D1","D5"],["D1","D6"],["D2","D3"],["D2","D4"],["D2","D5"],["D2","D6"],["D3","D4"],["D3","D5"],["D3","D6"],["D4","D5"],["D4","D6"],["D5","D6"],["D1","B1"],["D2","B1"],["D3","B1"],["D4","B1"],["D5","B1"],["D6","B1"],["D1","B2"],["D2","B2"],["D3","B2"],["D4","B2"],["D5","B2"],["D6","B2"],["D1","B3"],["D2","B3"],["D3","B3"],["D4","B3"],["D5","B3"],["D6","B3"]]},"GOAL":{"CLEAR":[["D1"],["B1"],["B2"]],"ON":[["D1","D2"],["D2","D3"],["D3","D4"],["D4","D5"],["D5","D6"],["D6","B3"]]}},
  "7":{"INIT":{"CLEAR":[["D1"],["B2"],["B3"]],"ON":[["D1","D2"],["D2","D3"],["D3","D4"],["D4","D5"],["D5","D6"],["D6","D7"],["D7","B1"]],"FITS":[["D1","D2"],["D1","D3"],["D1","D4"],["D1","D5"],["D1","D6"],["D1","D7"],["D2","D3"],["D2","D4"],["D2","D5"],["D2","D6"],["D2","D7"],["D3","D4"],["D3","D5"],["D3","D6"],["D3","D7"],["D4","D5"],["D4","D6"],["D4","D7"],["D5","D6"],["D5","D7"],["D6","D7"],["D1","B1"],["D2","B1"],["D3","B1"],["D4","B1"],["D5","B1"],["D6","B1"],["D7","B1"],["D1","B2"],["D2","B2"],["D3","B2"],["D4","B2"],["D5","B2"],["D6","B2"],["D7","B2"],["D1","B3"],["D2","B3"],["D3","B3"],["D4","B3"],["D5","B3"],["D6","B3"],["D7","B3"]]},"GOAL":{"CLEAR":[["D1"],["B1"],["B2"]],"ON":[["D1","D2"],["D2","D3"],["D3","D4"],["D4","D5"],["D5","D6"],["D6","D7"],["D7","B3"]]}},
  "8":{"INIT":{"CLEAR":[["D1"],["B2"],["B3"]],"ON":[["D1","D2"],["D2","D3"],["D3","D4"],["D4","D5"],["D5","D6"],["D6","D7"],["D7","D8"],["D8","B1"]],"FITS":[["D1","D2"],["D1","D3"],["D1","D4"],["D1","D5"],["D1","D6"],["D1","D7"],["D1","D8"],["D2","D3"],["D2","D4"],["D2","D5"],["D2","D6"],["D2","D7"],["D2","D8"],["D3","D4"],["D3","D5"],["D3","D6"],["D3","D7"],["D3","D8"],["D4","D5"],["D4","D6"],["D4","D7"],["D4","D8"],["D5","D6"],["D5","D7"],["D5","D8"],["D6","D7"],["D6","D8"],["D7","D8"],["D1","B1"],["D2","B1"],["D3","B1"],["D4","B1"],["D5","B1"],["D6","B1"],["D7","B1"],["D8","B1"],["D1","B2"],["D2","B2"],["D3","B2"],["D4","B2"],["D5","B2"],["D6","B2"],["D7","B2"],["D8","B2"],["D1","B3"],["D2","B3"],["D3","B3"],["D4","B3"],["D5","B3"],["D6","B3"],["D7","B3"],["D8","B3"]]},"GOAL":{"CLEAR":[["D1"],["B1"],["B2"]],"ON":[["D1","D2"],["D2","D3"],["D3","D4"],["D4","D5"],["D5","D6"],["D6","D7"],["D7","D8"],["D8","B3"]]}},
  "EOF": {}
}
